location_name,location_type,works_count,total_repetitions,avg_reps_per_work,primary_tier,work_identifiers
Utah,state,139,1431,10.3,exact,"JS-0000-T1050, JS-0000-T1178, JS-0000-T1204, JS-0000-T1392, JS-0000-T1474, JS-0000-T1512, JS-0000-T1532, JS-0000-T1544, JS-0000-T1676, JS-0000-T173, JS-0000-T1808, JS-0000-T1986, JS-0000-T2114, JS-0000-T2672, JS-0000-T2766, JS-0000-T2794, JS-0000-T315, JS-0000-T424, JS-0000-T4918, JS-0000-T5026, JS-0000-T5144, JS-0000-T5202, JS-0000-T5204, JS-0000-T5206, JS-0000-T5380, JS-0000-T5684, JS-0000-T5816, JS-0000-T5974, JS-0000-T6064, JS-0000-T610, JS-0000-T6206, JS-0000-T6210, JS-0000-T6214, JS-0000-T6256, JS-0000-T6310, JS-0000-T6316, JS-0000-T6404, JS-0000-T6438, JS-0000-T6510, JS-0000-T8140, JS-0000-T8174, JS-0000-T8258, JS-0000-T8294, JS-0000-T8302, JS-0000-T8322, JS-0000-T8366, JS-0000-T8374, JS-0000-T8418, JS-0000-T8488, JS-0000-T8494, JS-1921-T4636, JS-1921-T5320, JS-1921-T6550, JS-1925-T452, JS-1927-T652, JS-1929-T560, JS-1947-T5172, JS-1971-T5422, JS-1982-T5018, JS-1983-T1466, JS-2002-T5696, JS-2005-T4028, JS-2011-T1218, JS-2011-T1612, JS-2011-T618, JS-2012-T4842, JS-2012-T5256, JS-2012-T5646, JS-2013-T2376, JS-2014-T5328, JS-2014-T5400, JS-2016-T5116, JS-2016-T5188, JS-2016-T6084, JS-2016-T6554, JS-2017-T5102, JS-2017-T5414, JS-2017-T844, JS-2018-T2270, JS-2018-T4844, JS-2018-T544, JS-2018-T870, JS-2019-T2174, JS-2019-T5142, JS-2019-T5150, JS-2019-T5170, JS-2019-T5448, JS-2019-T6350, JS-2019-T6868, JS-2020-T1074, JS-2020-T4884, JS-2021-T2750, JS-2021-T4954, JS-2021-T5048, JS-2021-T5378, JS-2021-T5878, JS-2021-T5944, JS-2021-T6306, JS-2021-T6512, JS-2021-T730, JS-2022-T1558, JS-2022-T5894, JS-2022-T6004, JS-2022-T6050, JS-2023-T1538, JS-2023-T3420, JS-2023-T3490, JS-2023-T3568, JS-2023-T572, JS-2024-T1476, JS-2024-T2036, JS-2024-T2098, JS-2025-T1520, JS-2026-T6952, JS-2026-T6958, JS-2026-T7030, JS-2026-T7070, JS-2026-T7078, JS-2026-T7080, JS-2026-T7096, JS-2026-T7098, JS-2026-T7104, JS-2026-T7108, JS-2026-T7120, JS-2026-T7126, JS-2026-T7146, JS-2026-T7162, JS-2026-T7166, JS-2026-T7180, JS-2026-T7194, JS-2026-T7200, JS-2026-T7242, JS-2026-T7276, JS-2026-T7280, JS-2026-T7282, JS-2026-T7290, JS-2026-T7320, JS-2026-T7336, JS-2026-T7348"
Mississippi,body_of_water,36,52,1.4,exact,"JS-0000-T1780, JS-0000-T259, JS-0000-T3378, JS-0000-T3564, JS-0000-T5380, JS-0000-T6402, JS-0000-T6636, JS-0000-T6674, JS-0000-T6844, JS-0000-T8060, JS-0000-T8072, JS-0000-T8076, JS-0000-T8122, JS-0000-T8344, JS-0000-T880, JS-1921-T2268, JS-1927-T652, JS-1994-T2710, JS-2012-T4350, JS-2014-T4902, JS-2014-T5328, JS-2016-T6348, JS-2017-T4580, JS-2019-T6868, JS-2020-T1074, JS-2021-T5944, JS-2021-T6082, JS-2021-T6264, JS-2023-T3374, JS-2023-T572, JS-2023-T722, JS-2024-T3590, JS-2026-T7110, JS-2026-T7132, JS-2026-T7176, JS-2026-T7376"
Nevada,region,29,46,1.6,exact,"JS-0000-T1178, JS-0000-T143, JS-0000-T1482, JS-0000-T6404, JS-0000-T814, JS-0000-T8140, JS-0000-T8316, JS-0000-T8384, JS-1921-T2846, JS-1927-T652, JS-1974-T5174, JS-2014-T5328, JS-2014-T5392, JS-2016-T5188, JS-2019-T2290, JS-2019-T4732, JS-2019-T592, JS-2020-T1074, JS-2021-T2776, JS-2021-T5944, JS-2021-T6472, JS-2021-T730, JS-2023-T1538, JS-2023-T187, JS-2023-T780, JS-2026-T7086, JS-2026-T7088, JS-2026-T7254, JS-2026-T7348"
Texas,region,27,40,1.5,exact,"JS-0000-T1512, JS-0000-T1614, JS-0000-T6404, JS-0000-T6794, JS-0000-T8294, JS-1921-T2682, JS-1927-T652, JS-1974-T3562, JS-1984-T6024, JS-1993-T3450, JS-2013-T6254, JS-2014-T1880, JS-2014-T5328, JS-2016-T5966, JS-2019-T4732, JS-2020-T1074, JS-2021-T5944, JS-2021-T730, JS-2022-T6678, JS-2023-T3434, JS-2023-T6134, JS-2024-T1896, JS-2024-T6468, JS-2025-T1520, JS-2026-T7168, JS-2026-T7242, JS-2026-T7340"
Mexico,country,24,46,1.9,exact,"JS-0000-T143, JS-0000-T1754, JS-0000-T4918, JS-0000-T5396, JS-0000-T6016, JS-0000-T8140, JS-1921-T1782, JS-1927-T652, JS-1983-T1810, JS-2001-T5670, JS-2002-T5162, JS-2012-T4842, JS-2013-T2376, JS-2014-T5328, JS-2014-T5392, JS-2016-T5188, JS-2017-T2530, JS-2019-T6868, JS-2020-T1074, JS-2021-T5514, JS-2021-T5944, JS-2023-T1538, JS-2023-T3550, JS-2026-T7162"
Arizona,state,22,51,2.3,exact,"JS-0000-T1130, JS-0000-T2204, JS-0000-T4918, JS-0000-T5658, JS-0000-T5738, JS-0000-T6404, JS-0000-T8140, JS-1921-T6668, JS-1927-T652, JS-1983-T1810, JS-2013-T2376, JS-2013-T4994, JS-2014-T5328, JS-2016-T5188, JS-2017-T2432, JS-2018-T544, JS-2019-T5170, JS-2019-T5308, JS-2020-T1074, JS-2021-T5944, JS-2021-T730, JS-2024-T6608"
New Mexico,state,20,38,1.9,multi_word,"JS-0000-T143, JS-0000-T1754, JS-0000-T4918, JS-0000-T5396, JS-0000-T6016, JS-0000-T8140, JS-1921-T1782, JS-1927-T652, JS-1983-T1810, JS-2001-T5670, JS-2012-T4842, JS-2013-T2376, JS-2014-T5328, JS-2014-T5392, JS-2016-T5188, JS-2017-T2530, JS-2019-T6868, JS-2020-T1074, JS-2021-T5514, JS-2023-T3550"
Oklahoma,state,20,23,1.1,exact,"JS-0000-T1512, JS-0000-T1676, JS-0000-T6458, JS-0000-T8266, JS-1927-T652, JS-2014-T5328, JS-2017-T6744, JS-2018-T4670, JS-2019-T6868, JS-2020-T1074, JS-2020-T6638, JS-2021-T5944, JS-2022-T3464, JS-2023-T3434, JS-2024-T1896, JS-2026-T7084, JS-2026-T7212, JS-2026-T7246, JS-2026-T7254, JS-2026-T7320"
Ohio,state,20,21,1.1,exact,"JS-0000-T1382, JS-0000-T1512, JS-0000-T163, JS-0000-T2766, JS-0000-T5992, JS-0000-T6338, JS-0000-T8366, JS-1927-T652, JS-1983-T1466, JS-2012-T4350, JS-2014-T5328, JS-2016-T6686, JS-2018-T544, JS-2019-T2562, JS-2021-T2776, JS-2021-T5378, JS-2021-T700, JS-2021-T730, JS-2026-T7084, JS-2026-T7278"
New York,city,20,20,1.0,multi_word,"JS-0000-T1154, JS-0000-T8132, JS-1921-T1334, JS-1921-T1762, JS-1927-T652, JS-1947-T6094, JS-1981-T5638, JS-2014-T5078, JS-2014-T5328, JS-2016-T6156, JS-2016-T6758, JS-2018-T544, JS-2020-T1074, JS-2020-T5112, JS-2021-T2776, JS-2021-T5944, JS-2022-T371, JS-2026-T6904, JS-2026-T7084, JS-2026-T7086"
Nebraska,state,17,20,1.2,exact,"JS-0000-T1512, JS-0000-T3394, JS-0000-T6404, JS-0000-T8208, JS-1927-T652, JS-2019-T1200, JS-2019-T4732, JS-2019-T592, JS-2020-T1074, JS-2021-T1280, JS-2021-T2776, JS-2021-T5944, JS-2021-T730, JS-2026-T7086, JS-2026-T7088, JS-2026-T7266, JS-2026-T7348"
Louisiana,state,17,18,1.1,exact,"JS-0000-T1512, JS-0000-T622, JS-0000-T6340, JS-0000-T6404, JS-1921-T5674, JS-1927-T652, JS-2014-T5328, JS-2017-T4580, JS-2018-T1686, JS-2018-T544, JS-2020-T1074, JS-2021-T5672, JS-2021-T5944, JS-2021-T730, JS-2023-T2946, JS-2026-T6888, JS-2026-T7176"
New Jersey,state,17,17,1.0,multi_word,"JS-0000-T1288, JS-0000-T1482, JS-0000-T1532, JS-0000-T1646, JS-1921-T1762, JS-1923-T1528, JS-1927-T652, JS-1974-T3562, JS-1982-T5018, JS-2014-T5328, JS-2014-T5392, JS-2019-T6350, JS-2020-T1074, JS-2023-T6830, JS-2026-T7084, JS-2026-T7086, JS-2026-T7286"
Kentucky,state,17,17,1.0,exact,"JS-0000-T1512, JS-0000-T3422, JS-0000-T6404, JS-1921-T1114, JS-1927-T652, JS-2014-T5328, JS-2017-T4580, JS-2018-T544, JS-2020-T1074, JS-2021-T5944, JS-2021-T6264, JS-2021-T6304, JS-2021-T730, JS-2023-T664, JS-2026-T7020, JS-2026-T7176, JS-2026-T7278"
Maine,state,16,18,1.1,exact,"JS-0000-T1512, JS-0000-T622, JS-0000-T6404, JS-0000-T6552, JS-1927-T652, JS-2002-T2668, JS-2002-T5692, JS-2014-T4902, JS-2014-T5328, JS-2016-T6530, JS-2017-T4580, JS-2018-T544, JS-2020-T1074, JS-2021-T5944, JS-2021-T730, JS-2026-T7260"
Arkansas,state,15,16,1.1,exact,"JS-0000-T1512, JS-0000-T4240, JS-0000-T622, JS-0000-T8072, JS-0000-T8294, JS-1921-T2268, JS-1927-T652, JS-2002-T5692, JS-2014-T5328, JS-2016-T2118, JS-2017-T4580, JS-2020-T1074, JS-2021-T5944, JS-2024-T3482, JS-2026-T7176"
Iowa,state,15,15,1.0,exact,"JS-0000-T1512, JS-0000-T8258, JS-0000-T8294, JS-0000-T8366, JS-1927-T652, JS-1983-T1466, JS-2014-T5328, JS-2016-T1658, JS-2017-T4580, JS-2018-T544, JS-2020-T1074, JS-2021-T2776, JS-2021-T5378, JS-2021-T730, JS-2026-T7348"
Kansas,state,14,17,1.2,exact,"JS-0000-T1512, JS-0000-T2384, JS-0000-T3394, JS-0000-T345, JS-1927-T652, JS-2014-T5328, JS-2018-T544, JS-2020-T1074, JS-2021-T730, JS-2023-T3350, JS-2024-T2194, JS-2026-T6890, JS-2026-T7176, JS-2026-T7322"
Peru,region,14,14,1.0,exact,"JS-0000-T1001, JS-0000-T2766, JS-0000-T2824, JS-0000-T2834, JS-0000-T622, JS-0000-T6372, JS-0000-T8258, JS-0000-T8314, JS-2016-T2196, JS-2019-T2574, JS-2021-T5378, JS-2023-T195, JS-2024-T2036, JS-2026-T7322"
Alaska,state,14,14,1.0,exact,"JS-0000-T1512, JS-0000-T6404, JS-0000-T8294, JS-1927-T652, JS-2002-T5692, JS-2014-T5328, JS-2016-T2118, JS-2017-T4580, JS-2018-T544, JS-2020-T1074, JS-2021-T5944, JS-2021-T730, JS-2023-T3350, JS-2026-T7322"
Hawaii,state,14,14,1.0,exact,"JS-0000-T1512, JS-0000-T239, JS-0000-T6404, JS-0000-T8294, JS-1927-T652, JS-2014-T5328, JS-2017-T4580, JS-2018-T544, JS-2019-T4732, JS-2020-T1074, JS-2021-T5944, JS-2021-T730, JS-2023-T3430, JS-2026-T7176"
Tennessee,state,13,30,2.3,exact,"JS-0000-T1604, JS-0000-T1646, JS-0000-T8072, JS-1921-T698, JS-1925-T452, JS-1927-T652, JS-2014-T1880, JS-2014-T5328, JS-2016-T1658, JS-2018-T544, JS-2020-T1074, JS-2021-T730, JS-2023-T3500"
Alabama,state,13,14,1.1,exact,"JS-0000-T1150, JS-0000-T1512, JS-0000-T622, JS-0000-T6404, JS-0000-T6828, JS-0000-T8294, JS-1927-T652, JS-2014-T5328, JS-2016-T2118, JS-2017-T4580, JS-2020-T1074, JS-2021-T5944, JS-2021-T730"
Detroit,city,13,14,1.1,exact,"JS-0000-T361, JS-2015-T2142, JS-2016-T5750, JS-2016-T6236, JS-2021-T1572, JS-2021-T6334, JS-2021-T6564, JS-2026-T7072, JS-2026-T7178, JS-2026-T7220, JS-2026-T7244, JS-2026-T7266, JS-2026-T7380"
California,state,12,12,1.0,exact,"JS-0000-T1512, JS-1927-T652, JS-1971-T5422, JS-2014-T5328, JS-2017-T4580, JS-2020-T1074, JS-2021-T1702, JS-2021-T2776, JS-2021-T5624, JS-2021-T5944, JS-2026-T7288, JS-2026-T7320"
Oregon,state,11,12,1.1,exact,"JS-0000-T1512, JS-0000-T6404, JS-1921-T2846, JS-1927-T652, JS-2014-T5328, JS-2017-T4580, JS-2020-T1074, JS-2021-T730, JS-2023-T6832, JS-2026-T7320, JS-2026-T7348"
Egypt,region,11,11,1.0,exact,"JS-0000-T1001, JS-0000-T1474, JS-0000-T2824, JS-0000-T2834, JS-0000-T4918, JS-0000-T622, JS-2016-T5188, JS-2019-T1794, JS-2019-T5216, JS-2022-T6004, JS-2026-T6920"
Las Vegas,region,10,11,1.1,multi_word,"JS-0000-T1140, JS-0000-T257, JS-0000-T3422, JS-0000-T4918, JS-0000-T808, JS-1974-T5174, JS-2014-T5392, JS-2016-T6598, JS-2019-T5448, JS-2023-T3474"
Cleveland,city,10,11,1.1,exact,"JS-0000-T357, JS-0000-T782, JS-1947-T6094, JS-1982-T5018, JS-2020-T1302, JS-2021-T1492, JS-2024-T167, JS-2024-T3364, JS-2024-T3392, JS-2026-T6904"
Ghana,region,10,10,1.0,exact,"JS-0000-T1001, JS-0000-T1474, JS-0000-T1646, JS-0000-T2834, JS-0000-T5192, JS-0000-T622, JS-1921-T2682, JS-2019-T5216, JS-2023-T3456, JS-2026-T6958"
Gloucester,city,10,10,1.0,exact,"JS-0000-T1288, JS-0000-T2490, JS-0000-T3342, JS-2003-T1576, JS-2014-T5316, JS-2014-T5494, JS-2021-T2890, JS-2021-T5876, JS-2023-T1486, JS-2023-T1570"
Illinois,state,10,10,1.0,exact,"JS-0000-T1512, JS-0000-T8294, JS-1927-T652, JS-2014-T5328, JS-2016-T1898, JS-2017-T4580, JS-2018-T544, JS-2020-T1074, JS-2021-T2776, JS-2021-T6736"
Spain,region,9,13,1.4,exact,"JS-0000-T1394, JS-0000-T1544, JS-0000-T1796, JS-0000-T2632, JS-0000-T2834, JS-0000-T6558, JS-2016-T2258, JS-2026-T7028, JS-2026-T7360"
Minnesota,region,9,13,1.4,exact,"JS-1927-T652, JS-2007-T275, JS-2014-T5328, JS-2015-T5710, JS-2018-T544, JS-2019-T4732, JS-2020-T1074, JS-2021-T730, JS-2023-T3350"
Brazil,region,9,11,1.2,exact,"JS-0000-T2824, JS-0000-T2834, JS-0000-T8470, JS-2014-T5328, JS-2016-T1202, JS-2018-T271, JS-2020-T1302, JS-2026-T7136, JS-2026-T7322"
Florida,state,9,10,1.1,exact,"JS-0000-T1512, JS-0000-T6404, JS-0000-T8294, JS-1927-T652, JS-2014-T5328, JS-2017-T4580, JS-2018-T544, JS-2021-T5944, JS-2026-T7176"
Massachusetts,state,9,9,1.0,exact,"JS-0000-T1512, JS-0000-T3342, JS-0000-T622, JS-1927-T652, JS-2014-T5328, JS-2017-T4580, JS-2020-T1074, JS-2021-T730, JS-2023-T6832"
England,country,9,9,1.0,exact,"JS-0000-T2834, JS-0000-T7483, JS-0000-T794, JS-2002-T2668, JS-2017-T4890, JS-2021-T5338, JS-2023-T3506, JS-2026-T7162, JS-2026-T7194"
Senegal,region,8,15,1.9,exact,"JS-0000-T1001, JS-0000-T1474, JS-0000-T2824, JS-0000-T2834, JS-0000-T622, JS-2023-T3456, JS-2026-T6920, JS-2026-T7042"
China,country,8,12,1.5,exact,"JS-0000-T2824, JS-0000-T2834, JS-0000-T4662, JS-1921-T1334, JS-1922-T6582, JS-2012-T4014, JS-2022-T987, JS-2026-T7212"
Africa,region,8,11,1.4,exact,"JS-0000-T622, JS-0000-T6340, JS-2016-T2118, JS-2019-T5216, JS-2026-T6572, JS-2026-T7042, JS-2026-T7164, JS-2026-T7322"
Sudan,country,8,10,1.2,exact,"JS-0000-T1001, JS-0000-T1474, JS-0000-T2824, JS-0000-T2834, JS-0000-T6096, JS-2016-T5188, JS-2019-T5216, JS-2026-T7042"
Paris,city,8,9,1.1,exact,"JS-0000-T2110, JS-1984-T6024, JS-2011-T6614, JS-2019-T1328, JS-2019-T592, JS-2019-T6350, JS-2021-T1280, JS-2026-T7364"
Libya,region,8,8,1.0,exact,"JS-0000-T1001, JS-0000-T1474, JS-0000-T2824, JS-0000-T622, JS-2016-T5188, JS-2019-T5216, JS-2026-T6920, JS-2026-T7042"
Pennsylvania,region,8,8,1.0,exact,"JS-0000-T1512, JS-1927-T652, JS-2014-T5078, JS-2014-T5328, JS-2017-T4580, JS-2020-T1074, JS-2021-T5944, JS-2021-T730"
Georgia,state,8,8,1.0,disambiguated,"JS-0000-T1512, JS-0000-T6404, JS-0000-T8294, JS-1927-T652, JS-2014-T5328, JS-2017-T4580, JS-2020-T1074, JS-2021-T5944"
Brooklyn,city,8,8,1.0,exact,"JS-0000-T5688, JS-1921-T1762, JS-1921-T2846, JS-1957-T792, JS-2016-T6758, JS-2022-T6004, JS-2023-T3420, JS-2026-T7064"
Wyoming,region,8,8,1.0,exact,"JS-0000-T8294, JS-1927-T652, JS-2014-T5328, JS-2018-T544, JS-2020-T1074, JS-2021-T2776, JS-2021-T5944, JS-2024-T3408"
Mali,region,7,13,1.9,exact,"JS-0000-T2766, JS-0000-T2834, JS-0000-T622, JS-0000-T8366, JS-2019-T5142, JS-2019-T5216, JS-2027-T2838"
Xenia,city,7,9,1.3,exact,"JS-0000-T1382, JS-0000-T5992, JS-0000-T6338, JS-0000-T6498, JS-2012-T4350, JS-2016-T6686, JS-2026-T7080"
France,country,7,9,1.3,exact,"JS-0000-T2834, JS-0000-T622, JS-2016-T6642, JS-2019-T592, JS-2023-T3368, JS-2026-T7178, JS-2048-T6170"
America,country,7,8,1.1,exact,"JS-0000-T1916, JS-0000-T2824, JS-2016-T2118, JS-2017-T5748, JS-2021-T2646, JS-2023-T3506, JS-2026-T7180"
Washington,region,7,8,1.1,exact,"JS-0000-T2674, JS-0000-T3542, JS-1927-T652, JS-1991-T1007, JS-2016-T6530, JS-2020-T1074, JS-2026-T7364"
Missouri,state,7,8,1.1,exact,"JS-0000-T4748, JS-0000-T622, JS-1927-T652, JS-2016-T1898, JS-2020-T1074, JS-2021-T5944, JS-2024-T3590"
Jamaica,region,7,8,1.1,exact,"JS-1975-T2556, JS-1986-T2972, JS-2019-T4732, JS-2023-T2946, JS-2023-T4744, JS-2024-T3364, JS-2026-T6898"
Uganda,region,7,7,1.0,exact,"JS-0000-T1001, JS-0000-T1474, JS-0000-T2824, JS-0000-T622, JS-2002-T2668, JS-2019-T5216, JS-2026-T7042"
Connecticut,state,7,7,1.0,exact,"JS-0000-T1512, JS-1927-T652, JS-1974-T3562, JS-2014-T5328, JS-2017-T4580, JS-2018-T544, JS-2021-T5944"
Denmark,region,7,7,1.0,exact,"JS-0000-T2824, JS-0000-T2834, JS-0000-T810, JS-1957-T792, JS-2020-T1074, JS-2023-T2214, JS-2024-T2226"
Memphis,city,7,7,1.0,exact,"JS-0000-T3564, JS-0000-T6674, JS-0000-T880, JS-1994-T6534, JS-2001-T1746, JS-2023-T664, JS-2024-T3520"
London,region,7,7,1.0,exact,"JS-0000-T5760, JS-0000-T8088, JS-1974-T3562, JS-2015-T1630, JS-2019-T6350, JS-2021-T4872, JS-2026-T7108"
the West,region,7,7,1.0,multi_word,"JS-1921-T1013, JS-2003-T3514, JS-2016-T1898, JS-2017-T4908, JS-2018-T4850, JS-2023-T572, JS-2026-T7154"
Elko,region,6,25,4.2,exact,"JS-0000-T5862, JS-1974-T5174, JS-2012-T5256, JS-2019-T5142, JS-2026-T6958, JS-2026-T7120"
Pacific,region,6,7,1.2,exact,"JS-1981-T4618, JS-2010-T5568, JS-2018-T1046, JS-2019-T6350, JS-2021-T2646, JS-2023-T780"
Tunisia,region,6,6,1.0,exact,"JS-0000-T1001, JS-0000-T1474, JS-0000-T2834, JS-2016-T5188, JS-2019-T5216, JS-2026-T7042"
Chad,country,6,6,1.0,exact,"JS-0000-T2766, JS-0000-T2834, JS-2019-T5216, JS-2021-T5378, JS-2022-T4800, JS-2023-T3350"
Chicago,region,6,6,1.0,exact,"JS-0000-T4240, JS-0000-T6016, JS-0000-T6226, JS-0000-T89, JS-1965-T4352, JS-1974-T3562"
Europe,region,6,6,1.0,exact,"JS-0000-T5842, JS-0000-T6558, JS-2014-T6110, JS-2019-T1794, JS-2023-T6518, JS-2026-T7288"
South Dakota,region,6,6,1.0,multi_word,"JS-1927-T652, JS-2002-T6300, JS-2014-T5328, JS-2016-T5614, JS-2020-T1074, JS-2021-T5944"
Vermont,state,5,19,3.8,exact,"JS-0000-T8294, JS-1927-T652, JS-2017-T5866, JS-2023-T3406, JS-2026-T6906"
Germany,region,5,6,1.2,exact,"JS-0000-T2834, JS-0000-T622, JS-0000-T6558, JS-2016-T804, JS-2018-T5086"
Harlem,region,5,6,1.2,exact,"JS-0000-T6404, JS-2002-T6300, JS-2019-T2314, JS-2021-T1146, JS-2026-T7024"
Carson City,city,5,5,1.0,multi_word,"JS-0000-T1140, JS-0000-T5658, JS-0000-T5688, JS-1974-T5174, JS-2026-T7254"
Idaho,state,5,5,1.0,exact,"JS-0000-T1530, JS-1927-T652, JS-2012-T4350, JS-2016-T2970, JS-2022-T6004"
Cambodia,country,5,5,1.0,exact,"JS-0000-T205, JS-0000-T2824, JS-2021-T5902, JS-2022-T987, JS-2026-T7042"
Vietnam,country,5,5,1.0,exact,"JS-0000-T205, JS-0000-T2824, JS-0000-T347, JS-0000-T4832, JS-2022-T987"
Japan,region,5,5,1.0,exact,"JS-0000-T239, JS-0000-T2834, JS-0000-T622, JS-0000-T6302, JS-2022-T987"
Pakistan,region,5,5,1.0,exact,"JS-0000-T2834, JS-2014-T5328, JS-2016-T2396, JS-2021-T5208, JS-2022-T987"
Canada,region,5,5,1.0,exact,"JS-0000-T622, JS-2016-T1202, JS-2024-T2232, JS-2026-T6892, JS-2026-T7244"
Rhode Island,region,5,5,1.0,multi_word,"JS-1927-T652, JS-2014-T5328, JS-2020-T1074, JS-2021-T5944, JS-2021-T730"
Virginia,state,4,7,1.8,disambiguated,"JS-1927-T652, JS-2014-T5328, JS-2020-T1074, JS-2023-T3376"
Scotland,region,4,6,1.5,exact,"JS-0000-T2834, JS-2023-T750, JS-2026-T6890, JS-2026-T7162"
Rome,city,4,6,1.5,exact,"JS-0000-T8314, JS-2017-T4734, JS-2026-T7152, JS-2026-T7154"
Congo,region,4,5,1.2,exact,"JS-0000-T1474, JS-0000-T8098, JS-1984-T3348, JS-2019-T5216"
New Hampshire,region,4,5,1.2,multi_word,"JS-1927-T652, JS-2014-T5328, JS-2020-T1074, JS-2026-T7086"
Morocco,region,4,4,1.0,exact,"JS-0000-T1001, JS-0000-T1474, JS-1923-T490, JS-2019-T5216"
Kenya,region,4,4,1.0,exact,"JS-0000-T1001, JS-0000-T1474, JS-0000-T2834, JS-2019-T5216"
Zimbabwe,region,4,4,1.0,exact,"JS-0000-T1001, JS-0000-T2834, JS-2019-T5216, JS-2026-T7042"
Denver,region,4,4,1.0,exact,"JS-0000-T1140, JS-0000-T622, JS-1957-T792, JS-2024-T2226"
Korea,region,4,4,1.0,exact,"JS-0000-T1400, JS-0000-T2834, JS-0000-T622, JS-2022-T987"
Ethiopia,region,4,4,1.0,exact,"JS-0000-T1474, JS-0000-T2834, JS-0000-T622, JS-2019-T1794"
Indonesia,region,4,4,1.0,exact,"JS-0000-T239, JS-0000-T2834, JS-0000-T622, JS-2022-T987"
Hollywood,city,4,4,1.0,exact,"JS-0000-T245, JS-0000-T321, JS-2023-T6832, JS-2026-T7278"
Iraq,region,4,4,1.0,exact,"JS-0000-T2766, JS-0000-T622, JS-2021-T5378, JS-2026-T7322"
Russia,country,4,4,1.0,exact,"JS-0000-T2824, JS-0000-T2834, JS-0000-T622, JS-2022-T987"
Austria,region,4,4,1.0,exact,"JS-0000-T2834, JS-2016-T2118, JS-2026-T7084, JS-2026-T7210"
Michigan,region,4,4,1.0,exact,"JS-0000-T7483, JS-1927-T652, JS-2020-T1074, JS-2026-T7062"
West Virginia,region,4,4,1.0,multi_word,"JS-0000-T8294, JS-1927-T652, JS-2014-T5328, JS-2020-T1074"
North Dakota,region,4,4,1.0,multi_word,"JS-1927-T652, JS-2014-T5328, JS-2020-T1074, JS-2021-T5944"
Indiana,state,4,4,1.0,disambiguated,"JS-1927-T652, JS-2014-T5328, JS-2018-T544, JS-2020-T1074"
Asia,region,4,4,1.0,exact,"JS-2016-T2118, JS-2016-T6528, JS-2023-T195, JS-2026-T7322"
New Orleans,city,3,4,1.3,multi_word,"JS-0000-T1916, JS-0000-T6340, JS-2021-T5672"
Australia,region,3,4,1.3,exact,"JS-0000-T239, JS-0000-T2824, JS-2016-T2118"
Cameroon,country,3,4,1.3,exact,"JS-0000-T2824, JS-0000-T622, JS-2026-T7042"
Paradise,city,3,4,1.3,exact,"JS-0000-T3396, JS-2023-T3476, JS-2026-T7264"
Phoenix,city,3,4,1.3,exact,"JS-0000-T4918, JS-1974-T5174, JS-1983-T1466"
Los Angeles,region,3,4,1.3,multi_word,"JS-1984-T6024, JS-2018-T5086, JS-2026-T7096"
New York City,city,3,3,1.0,multi_word,"JS-0000-T1154, JS-0000-T8132, JS-2016-T6156"
Maryland,region,3,3,1.0,exact,"JS-0000-T1512, JS-1927-T652, JS-2021-T730"
San Francisco,city,3,3,1.0,multi_word,"JS-0000-T1690, JS-0000-T2110, JS-2021-T6460"
Wisconsin,region,3,3,1.0,exact,"JS-0000-T1756, JS-1927-T652, JS-2021-T5944"
Uruguay,region,3,3,1.0,exact,"JS-0000-T2834, JS-0000-T622, JS-2026-T7180"
Ireland,region,3,3,1.0,exact,"JS-0000-T2834, JS-0000-T622, JS-2022-T3372"
Moscow,region,3,3,1.0,exact,"JS-0000-T3444, JS-2019-T6350, JS-2026-T6930"
Siberia,region,3,3,1.0,exact,"JS-0000-T5238, JS-2019-T6350, JS-2022-T6004"
Nigeria,country,3,3,1.0,exact,"JS-0000-T622, JS-2019-T5216, JS-2023-T3470"
India,region,3,3,1.0,exact,"JS-0000-T622, JS-2021-T5944, JS-2022-T987"
Iran,region,3,3,1.0,exact,"JS-0000-T622, JS-0000-T8314, JS-2026-T7322"
Sahara,region,3,3,1.0,exact,"JS-0000-T8140, JS-1974-T5174, JS-2022-T6004"
Norman,city,3,3,1.0,exact,"JS-0000-T842, JS-2011-T6614, JS-2026-T7348"
North Carolina,state,3,3,1.0,multi_word,"JS-1927-T652, JS-2014-T5328, JS-2020-T1074"
South Carolina,region,3,3,1.0,multi_word,"JS-1927-T652, JS-2014-T5328, JS-2020-T1074"
Atlantic,region,3,3,1.0,exact,"JS-1981-T4618, JS-2021-T2646, JS-2026-T7212"
Gilead,region,2,13,6.5,exact,"JS-0000-T5362, JS-2026-T7192"
Butte,city,2,5,2.5,exact,"JS-2019-T5170, JS-2026-T7068"
Philadelphia,region,2,3,1.5,exact,"JS-0000-T307, JS-2016-T436"
Grand Canyon,landmark,2,3,1.5,multi_word,"JS-2015-T2142, JS-2019-T5170"
Montgomery,city,2,3,1.5,exact,"JS-2024-T3408, JS-2025-T3518"
Central Park,region,2,2,1.0,multi_word,"JS-0000-T1110, JS-2019-T4446"
Somalia,region,2,2,1.0,exact,"JS-0000-T1474, JS-2019-T5216"
Thailand,region,2,2,1.0,exact,"JS-0000-T2824, JS-2022-T987"
Switzerland,region,2,2,1.0,exact,"JS-0000-T2834, JS-2016-T804"
Italy,country,2,2,1.0,exact,"JS-0000-T2834, JS-0000-T622"
Venezuela,region,2,2,1.0,exact,"JS-0000-T2834, JS-0000-T3396"
Israel,country,2,2,1.0,exact,"JS-0000-T2834, JS-0000-T622"
Newark,city,2,2,1.0,exact,"JS-0000-T5786, JS-2026-T7084"
Tibet,region,2,2,1.0,exact,"JS-0000-T622, JS-2026-T7346"
Timbuktu,region,2,2,1.0,exact,"JS-0000-T6278, JS-2018-T251"
Berlin,region,2,2,1.0,exact,"JS-1921-T2846, JS-2014-T6130"
Houston,region,2,2,1.0,exact,"JS-1982-T1464, JS-2023-T6134"
Nile,region,2,2,1.0,exact,"JS-2011-T618, JS-2024-T3582"
Greece,country,2,2,1.0,exact,"JS-2014-T2154, JS-2023-T3576"
Salt Lake City,region,2,2,1.0,multi_word,"JS-2016-T6554, JS-2023-T6482"
Romania,region,2,2,1.0,exact,"JS-2019-T1328, JS-2021-T1280"
Portugal,region,2,2,1.0,exact,"JS-2021-T2308, JS-2026-T7278"
Kansas City,city,2,2,1.0,multi_word,"JS-2024-T2194, JS-2026-T6890"
Barbados,country,1,3,3.0,exact,JS-2019-T4732
Munich,region,1,2,2.0,exact,JS-2026-T6922
Stockholm,region,1,1,1.0,exact,JS-0000-T1526
Prague,region,1,1,1.0,exact,JS-0000-T1774
Staten Island,city,1,1,1.0,multi_word,JS-0000-T239
Central African Republic,country,1,1,1.0,multi_word,JS-0000-T2834
Wales,region,1,1,1.0,exact,JS-0000-T2834
White House,region,1,1,1.0,multi_word,JS-0000-T3378
Olympus,landmark,1,1,1.0,exact,JS-0000-T3718
Lowell,city,1,1,1.0,exact,JS-0000-T4748
Chelsea,region,1,1,1.0,exact,JS-0000-T6138
Venice,region,1,1,1.0,exact,JS-0000-T6218
Belgium,region,1,1,1.0,exact,JS-0000-T622
Cairo,region,1,1,1.0,exact,JS-0000-T622
Netherlands,region,1,1,1.0,exact,JS-0000-T622
Syria,region,1,1,1.0,exact,JS-0000-T622
Akron,city,1,1,1.0,exact,JS-1921-T2068
Golden Gate,region,1,1,1.0,multi_word,JS-1921-T738
San Luis Obispo,city,1,1,1.0,multi_word,JS-1971-T5422
the Keys,region,1,1,1.0,multi_word,JS-1983-T1810
El Paso,city,1,1,1.0,multi_word,JS-1984-T6024
Singapore,region,1,1,1.0,exact,JS-2001-T2024
the Midwest,region,1,1,1.0,multi_word,JS-2011-T85
Hungary,region,1,1,1.0,exact,JS-2016-T4998
Babylon,city,1,1,1.0,exact,JS-2016-T5962
Versailles,region,1,1,1.0,exact,JS-2017-T1226
Zurich,region,1,1,1.0,exact,JS-2017-T5510
Eiffel Tower,region,1,1,1.0,multi_word,JS-2019-T1650
Warsaw,region,1,1,1.0,exact,JS-2019-T6350
Brussels,region,1,1,1.0,exact,JS-2019-T6350
Knoxville,city,1,1,1.0,exact,JS-2019-T6868
Caribbean,region,1,1,1.0,exact,JS-2021-T1846
Angkor Wat,landmark,1,1,1.0,multi_word,JS-2021-T5902
Reno,region,1,1,1.0,exact,JS-2022-T6004
Boston,city,1,1,1.0,exact,JS-2023-T3426
Duluth,city,1,1,1.0,exact,JS-2023-T572
Times Square,region,1,1,1.0,multi_word,JS-2023-T722
Seattle,city,1,1,1.0,exact,JS-2026-T6898
Nairobi,region,1,1,1.0,exact,JS-2026-T7086
Nepal,region,1,1,1.0,exact,JS-2026-T7086
Mecca,region,1,1,1.0,exact,JS-2026-T7162
South America,region,1,1,1.0,multi_word,JS-2026-T7180
Jerusalem,region,1,1,1.0,exact,JS-2026-T7196
Amsterdam,city,1,1,1.0,exact,JS-2026-T7254
Chico,city,1,1,1.0,exact,JS-2026-T7276
Baltimore,city,1,1,1.0,exact,JS-2026-T7278
Athens,region,1,1,1.0,exact,JS-2026-T7288
